Категория,median,std
A,49.35164232447532,2.139002624661353
B,48.02630544552164,3.875390552875452
C,57.79388473579314,2.5751083523837983
D,45.26921376613518,3.2291248213281922
